username,title_guess,source,source_url,found_at
sachkovgeek,,A2:snowball,https://t.me/sachkov_blog/615,2026-10-08
analytess_live,,A2:snowball,https://t.me/analytess/954,2026-10-08
productgardenn,,A2:snowball,https://t.me/itgardenn/2710,2026-10-08
snitsa,,A2:snowball,https://t.me/data_penguin/275,2026-10-08
kat_v_prod,,A2:snowball,https://t.me/sachkov_blog/616,2026-10-08
sachkova_mng,,A2:snowball,https://t.me/sachkov_blog/550,2026-10-08
xor_journal,,A2:snowball,https://t.me/sachkov_blog/523,2026-10-08
analyst_books,,A2:snowball,https://t.me/data_study/1406,2026-10-08
daniildzheparov,,A2:snowball,https://t.me/data_study/1381,2026-10-08
halltape_data,,A2:snowball,https://t.me/data_penguin/249,2026-10-08
halltape,,A2:snowball,https://t.me/data_penguin/249,2026-10-08
shustde,,A2:snowball,https://t.me/data_penguin/249,2026-10-08
nechka266,,A2:snowball,https://t.me/analytess/868,2026-10-08
roma_protiv_fomo,,A2:snowball,https://t.me/analytess/857,2026-10-08
zarubezhom_jobs,,A2:snowball,https://t.me/analytess/836,2026-10-08
remocate,,A2:snowball,https://t.me/analytess/836,2026-10-08
hiring_by_lukina,,A2:snowball,https://t.me/analytess/836,2026-10-08
remote_relocate,,A2:snowball,https://t.me/analytess/836,2026-10-08
nodatanojobs,,A2:snowball,https://t.me/analytess/836,2026-10-08
senatorous,,A2:snowball,https://t.me/senatorov_head/906,2026-10-08
t_jrnl,,A2:snowball,https://t.me/senatorov_head/875,2026-10-08
bashnya_education,,A2:snowball,https://t.me/senatorov_head/862,2026-10-08
