username,reason,details,stage,date
exzvor,unavailable,HTTP 302 на page_latest.html,B,2026-10-08
dnemchin,unavailable,HTTP 302 на page_latest.html,B,2026-10-08
alextsay92,unavailable,HTTP 302 на page_latest.html,B,2026-10-08
atomlib,unavailable,HTTP 302 на page_latest.html,B,2026-10-08
darovska,unavailable,HTTP 302 на page_latest.html,B,2026-10-08
throlib,unavailable,HTTP 302 на page_latest.html,B,2026-10-08
fakng_eng,unavailable,HTTP 302 на page_latest.html,B,2026-10-08
arthur_arslan,unavailable,HTTP 302 на page_latest.html,B,2026-10-08
pirate_cat_flint,unavailable,HTTP 302 на page_latest.html,B,2026-10-08
antipov_d,unavailable,HTTP 302 на page_latest.html,B,2026-10-08
vladimir_sva,unavailable,HTTP 302 на page_latest.html,B,2026-10-08
nemirlev,unavailable,HTTP 302 на page_latest.html,B,2026-10-08
qdmadept,unavailable,HTTP 302 на page_latest.html,B,2026-10-08
orioner72,unavailable,HTTP 302 на page_latest.html,B,2026-10-08
novostippr,мелкий,median_views=523,C,2026-10-08
novostippr,витрина,в названии/описании: новости,C,2026-10-08
e_g_orius,мелкий,median_views=8.0,C,2026-10-08
e_g_orius,не та ниша,it: niche_post_share=0.091 < 0.25,C,2026-10-08
cyberbeznadezhen,мелкий,median_views=166,C,2026-10-08
nedovyazhu,мелкий,median_views=49.0,C,2026-10-08
nedovyazhu,не та ниша,it: niche_post_share=0.094 < 0.25,C,2026-10-08
integramme,мелкий,median_views=123.0,C,2026-10-08
integramme,витрина,в названии/описании: новости,C,2026-10-08
